{"cameraMode":{"drawMode":0,"name":"Shaded","section":"Shading Mode"},"sceneLighting":true,"audioPlay":false,"sceneViewState":{"showFog":true,"showMaterialUpdate":false,"showSkybox":true,"showFlares":true,"showImageEffects":true,"showParticleSystems":true},"in2DMode":false,"pivot":{"x":1.5062956809997559,"y":-0.04456281661987305,"z":0.7196598052978516},"rotation":{"x":0.19183862209320069,"y":-0.18223683536052705,"z":0.03627771884202957,"w":0.9636799097061157},"size":14.924647331237793,"orthographic":false}