{"cameraMode":{"drawMode":0,"name":"Shaded","section":"Shading Mode"},"sceneLighting":true,"audioPlay":false,"sceneViewState":{"showFog":true,"showMaterialUpdate":false,"showSkybox":true,"showFlares":true,"showImageEffects":true,"showParticleSystems":true},"in2DMode":false,"pivot":{"x":0.0,"y":1.430999994277954,"z":-3.7200000286102297},"rotation":{"x":0.26193663477897646,"y":-0.3242943286895752,"z":0.09395499527454376,"w":0.9040999412536621},"size":14.738072395324707,"orthographic":false}